[{"items":[{"id":"m8","name":"Sushi Roll Platter","price":"15.99","description":"An assortment of fresh sushi rolls including California, Spicy Tuna, and Eel Avocado.","image":"images/sushi-roll-platter.jpg","quantity":3},{"id":"m9","name":"Chicken Curry","price":"13.99","description":"Tender pieces of chicken simmered in a rich and aromatic curry sauce, served with basmati rice.","image":"images/chicken-curry.jpg","quantity":3},{"id":"m11","name":"Seafood Paella","price":"19.99","description":"A Spanish delicacy filled with saffron-infused rice, shrimp, mussels, and chorizo.","image":"images/seafood-paella.jpg","quantity":3},{"id":"m14","name":"Beef Tacos","price":"9.99","description":"Three soft tortillas filled with seasoned beef, fresh salsa, cheese, and sour cream.","image":"images/beef-tacos.jpg","quantity":3}],"customer":{"name":"SANGJIN PARK","email":"sangjpar@gmail.com","street":"Brownstone APT 104-202, Majang Ro 43-20","postal-code":"21433","city":"Bu-Pyeong"},"id":"817.3848109948505"},{"items":[{"id":"m2","name":"Margherita Pizza","price":"12.99","description":"A classic pizza with fresh mozzarella, tomatoes, and basil on a thin and crispy crust.","image":"images/margherita-pizza.jpg","quantity":2},{"id":"m3","name":"Caesar Salad","price":"7.99","description":"Romaine lettuce tossed in Caesar dressing, topped with croutons and parmesan shavings.","image":"images/caesar-salad.jpg","quantity":2}],"customer":{"name":"SANGJIN PARK","email":"sangjpar@gmail.com","street":"Brownstone APT 104-202, Majang Ro 43-20","postal-code":"21433","city":"Bu-Pyeong"},"id":"311.9612690370921"}]