﻿,title,hits
57,Still Here | 2024 시즌 시네마틱 - 리그 오브 레전드,105769440
63,"50만달러를 지키고, 가지세요!",89275800
64,skibidi toilet 70 (part 1),38148255
58,NMIXX “DASH” M/V,19763588
32,[sub]대체 왜 이렇게 루머가 많은 거야 현정아ㅠㅠㅠ❤️,4106073
55,[sub] 서준이가갑자기데려온친구랑급나불 | 👅나영석의 나불나불,2992915
50,근데 강형욱앞에선 얌전함 | 견종백과 이탈리안 그레이하운드편,2835591
27,"[EN] 240118 mini핑계고 : 유재석, 조정석, 조세호 @뜬뜬편집실 (OneCam) ㅣ EP.9",2584569
19,놀뭐 회식에서 뭐하니... (Feat. 놀면 뭐하니),2545188
34,IVE 아이브 'All Night (Feat. Saweetie)' Official Music Video,2222348
46,[2023 AFC 카타르 아시안컵] 2023 AFC 카타르 아시안컵 레바논 vs 중국 풀 하이라이트,2108915
59,[sub] 성시경의 만날텐데 l 규현🩵 조정뱅이가 작정하고 놀러왔네요..😅,1932256
30,한류스타와 일본에 가다 - 일본(1),1834488
29,[2023 AFC 카타르 아시안컵] 2023 AFC 카타르 아시안컵 베트남 vs 인도네시아 풀 하이라이트,1669328
20,새로운 삼성 갤럭시 S24/S24+/S24 울트라 첫 인상! 아이폰같은데 예뻐졌습니다.,1476062
45,"미국인 아빠와 영어를 거부하는 체리, 이유를 알고 말문이 막혔어요",1455963
48,퇴근 후 혼밥러 - 굽네 맵단짠 칩킨 편,1277881
62,침착맨의 새로운 생방송 플랫폼 발표,1252360
54,[EN] 싸가비 집 옷 청소 | 청소광브라이언 12화,1145515
41,[5-6화 요약] 쓰레기 갑질 상사 나락 보낸 박민영 참교육💯 조력자 나인우의 진짜 정체를 눈치 채다..?! #내남편과결혼해줘,1108044
51,민혁씨의 첫사랑은 고3 시절 담임선생님이었다 그리고 그 민혁 씨와 선생님은 어느덧 부부 6년차가 되었다 [#인간극장] KBS 240115 방송,1088455
56,린 - 삼백 리 한려수도｜현역가왕 8회,997254
3,그놈이 왔다,934346
60,Stay (Prod. An Shinae & Philtre) (머물러주오 (Prod. 안신애 & Philtre)),923710
13,체리를 처음으로 미국 어린이집에 보내봤어요. 그런데 펑펑 우는 체리…,907928
53,올해 미우새에 겹경사가?!💥 웃음🥰부터 눈물😢까지 나오는 2024년 신년 운세! [미운 우리 새끼|240114 SBS방송],882820
1,[드덕이픽] 방은주의 충격 비밀💥 회사 몰래 뒷광고 받고 있던 조윤서 빼박 증거 찾아냄ㅋ｜웰컴투 삼달리｜JTBC 240120 방송 외,815750
36,[#유퀴즈온더블럭] 윤상에게 아이돌 하고 싶다고 말한 아들(현 라이즈 앤톤)🔥 10년 동안 수영 하던 아들이 S★ 오디션을 봤다?!,806236
38,볼 사람 띱,785734
52,"[잇츠뉴] 서정희♥연하 남자친구, 깔끔 끝판왕 뉴 하우스까지 최초 공개! ｜#잇츠뉴",773818
42,역대급 레전드 무대🎤 즉석에서 말아보는 웅 맘대로 편곡 노래방ㅋㅋ feat.고통받는 밴드팀 | IM HERO TOUR 2023 @대전,734724
35,💀 한국인🇰🇷들이 해외여행 편하게 가는 이유 / 💀 대한민국 여권의 위엄 ㄷㄷ,707727
37,[2023 AFC 아시안컵 카타르] 오늘의 아시안컵 7회,682197
28,(SUB)[전지적 할부지 시점] ep.171 집들이 1호 손님이 된 강바오! 할부지를 울고 웃게 한 감동의 바오하우스🐼│Panda World,608355
2,[🇦🇺vlog] 발등에 불 떨어졌다..! 출산 전 3일의 기록,604788
44,장롱면허,602503
33,[ENG] 루이바오&후이바오 방구대전 1초 전💨 이마에 번개 무늬?! 푸리포터 등장!｜#판다와쏭,596697
22,헤드샷 연발로 쏘는 노양심 케이틀린,569979
10,"아내의 학교에 방문한 민혁 씨, 교실에서 두 사람은 옛 추억에 잠긴다 [#인간극장] KBS 240119 방송",569140
0,[최종회 선공개] 한은성을 털기 위해 구석으로 끌고 가는 독수리 오형제x어시들 | 〈웰컴투 삼달리〉 1월 21일 일요일 밤 10시 30분 방송!,527098
49,실시간 전화 통역 이게 진짜 되네요ㄷㄷ 미친AI 품고 돌아온 갤럭시S24 시리즈 실물 후기,512544
39,입양한 유기견이 갑자기 출산?! 뜻밖의 새로운 가족의 탄생 🐾✨ | KBS 생생정보통 2012 방송,508947
7,[15회 선공개] (찌질...) 냅다 신혜선 앞에서 무릎 꿇고 사정하는 한은성 | 〈웰컴투 삼달리〉 1월 20일 토요일 밤 10시 30분 방송!,502963
40,치지직 갈까 아프리카 갈까,484475
25,브루니로 콜드브루 만들기,471686
61,6명만 남은 모솔들의 운명은? | Tiny Room Ep3-2,463789
15,(ENG) 하다하다 별걸 다 파네.. 알아두면 쓸데있는 신비한 다이소 리뷰ㅣ할명수 ep.166,450096
4,대이변이 일어났습니다 (인기투표 1위 발표),446680
26,말랭하우스 리모델링 시작!!,437466
47,이지혜 집안 먹여살린 30년 보쌈 레시피 최초공개(30년노하우),410645
43,주지원 & 민이수 먹짱 방어모임 vlog 🐟 | 주미웅니의 본캐를 폭로합니다 (feat. 이주빈) | 유남매 & 주민규 데이트❣️ | 이수에옹 ESU [ENG],405678
9,평소 달걀을 몇개나 먹을까 궁금해서 120알을 준비해 봤는데 몇 알이나 먹을 수 있을까요?,392372
17,"""저는 눈이 한 개로 태어난 외눈박이입니다"" (※40분 순삭)",382086
8,99년에 폐쇄된 35m 높이의 도로 미스터리,369235
21,"마크로 완벽 구현한 ""그 게임"" 뗏목에서 살아남기",364605
5,다리가 너무 가려워서 그만..,330082
6,야무지게 살찌고 싶다면 현주디 폭식원으로 오세요^^😊,299806
11,아오니의 혼자 새 닌텐도 사러가는 브이로그★ (feat.세번째섬),277323
23,지금 지능 그대로 10살로 돌아가보기 40탄,266988
16,먹방브이로그) 겨울+ 엽떡 어묵+ 맥주?=🤭 (삼진어묵/엽떡오뎅/뿌링클/ 과일산도/ 타코야끼+라면볶이+타코야끼/아이스박스/연어초밥+ 리조또 먹방),233068
14,【 탬탬버린 】 - 실친들과의 연말모임.. 여기서 남친을 오ㅐ구하냐고~!!!,205277
31,원신｜4.4 버전 특별 방송,180566
12,비소가 더 바보인 이유,161526
18,"""서로의 구원자"" 완벽한 해피엔딩❤ 다시 찾은 행복을 맘껏 누리는 김유정X송강 #마이데몬 #습포이드 #Mydemon #SBSdrama",159274
24,주르르에 대한 공격은 나에 대한 공격으로 간주한다,157792
