[
  {
    "name": "Test",
    "address": "Teststreet 5, Testcity",
    "cuisine": "Italian",
    "website": "https://mytest.com",
    "description": "It's awesome!"
  },
  {
    "name": "Test 2",
    "address": "Teststreet 10, Testcity 2",
    "cuisine": "Indian",
    "website": "https://mygreattest.com",
    "description": "It's also amazing!"
  },
  {
    "name": "Restaurant 3",
    "address": "Awesomestreet 5, Mycity",
    "cuisine": "German",
    "website": "https://awesome.com",
    "description": "It's amazing! Of course!"
  }
]
