[
  {
    "id": "r1",
    "name": "Test",
    "address": "Teststreet 5, Testcity",
    "cuisine": "Italian",
    "website": "https://mytest.com",
    "description": "It's awesome!"
  },
  {
    "id": "r2",
    "name": "Test 2",
    "address": "Teststreet 10, Testcity 2",
    "cuisine": "Indian",
    "website": "https://mygreattest.com",
    "description": "It's also amazing!"
  },
  {
    "id": "r3",
    "name": "Restaurant 3",
    "address": "Awesomestreet 5, Mycity",
    "cuisine": "German",
    "website": "https://awesome.com",
    "description": "It's amazing! Of course!"
  },
  {
    "name": "Munich Fines Restaurant",
    "address": "Greatstreet 5, Munich",
    "cuisine": "German",
    "website": "https://munich-awesome.com",
    "description": "It's in Munich, that's where I live!",
    "id": "fe79befa-c2ca-4509-851b-d2f21f369757"
  }
]
